Link,Text
https://www.msn.com/en-us/money/markets/16-year-old-restaurant-chain-closes-its-final-location/ar-AA209Y1X?ocid=finance-verthp-feeds,"Another American restaurant chain has shuttered its final location, reinforcing the growing reality across the industry that even well-established brands with loyal followings are no longer enough to withstand sustained economic pressure.
While the restaurant sector remains a major contributor to the U.S. economy, operators are navigating a far more complex environment shaped by rising costs, tight margins, and more cautious consumer spending.
Eating and drinking establishments were projected to contribute $1.54 trillion to the U.S. economy in 2025, accounting for more than 5% of nominal GDP, according to the National Restaurant Association.
Despite this scale, closures continue to accelerate across both independent restaurants and multi-unit chains.
The Meatball Shop has confirmed it has permanently closed its last remaining location at 798 9th Ave in New York City's Hell's Kitchen, marking the end of a 14-year run.
""After many great years, The Meatball Shop has closed its doors,"" said The Meatball Shop in the statement published on its official website. ""We're deeply grateful to our guests and team for the memories we shared.""
Founded in 2010, the brand built a strong following with its customizable meatball bowls and cocktails. At its peak, it operated seven locations across Manhattan, Brooklyn, and Washington, D.C.
However, like many urban restaurant groups, the company faced mounting challenges during and after the Covid pandemic. Lease pressures, rising labor costs, and shifting consumer traffic patterns led to a gradual reduction in locations, leaving only its Hell's Kitchen restaurant by 2023.
Its closure highlights the broader industry trend where concepts that expanded during lower-cost, high-demand periods are now being forced to adapt or exit entirely as fixed costs rise and margins tighten.
Although its restaurants are now closed, The Meatball Shop continues to maintain a presence through its 2011 cookbook, which remains available at major grocery stores nationwide, including Whole Foods Markets.
Notably, the founders hinted at a possible revival in late 2025, engaging followers on Instagram about a potential reboot of the concept.
The closures reflect deeper structural challenges affecting the U.S. restaurant industry, where long-term sustainability has become increasingly difficult to maintain.
According to the U.S. Bureau of Labor Statistics, about 17% of new restaurants close within their first year. Long-term restaurants have an even higher chance of shutting down, with around half closing within five years and only 34.6% surviving beyond a decade, according to Oysterlink.
Coverage on more recent restaurant closures:
Industry experts point to shifting consumer behavior as a key factor. James O’Reilly, a food industry executive with more than 15 years of experience in restaurant marketing, notes that pricing tolerance has diminished significantly.
""In strong economic environments, price increases have historically been tolerated by restaurant guests,"" O'Reilly told FSR Magazine. ""Over the past few years, that’s become far more difficult. While headline economic indicators have improved and financial markets have strengthened, many restaurant consumers, particularly in lower- and middle-income brackets, have not experienced the same relief.""
Recent data shows that prices for food away from home increased nearly 4% in the 12 months ending February 2026, according to the U.S. Bureau of Labor Statistics.
At the same time, restaurant operators have been dealing with significant increases in operating costs. The National Restaurant Association estimates that both food and labor costs have each climbed about 35% over the past five years.
Consumer demand has also shown signs of softening. In a National Restaurant Association survey, 60% of restaurant operators reported lower customer traffic in December 2025, up from 51% in November, indicating a pullback in discretionary dining.
Despite ongoing closures, industry experts emphasize that demand for dining experiences remains strong, but it is becoming more selective and value-driven.
""A full restaurant may no longer be a guarantee of safety, but it is still a signal of something essential: we love restaurants,"" said Lela London on Forbes. ""And as long as that remains true, there is room not just for survival, but for a harder-won kind of industry revival.""
The current environment suggests less of an industry collapse and more of a reset phase, in which only operators able to adapt to higher costs, evolving consumer expectations, and more disciplined expansion strategies are likely to sustain long-term growth.
For brands like The Meatball Shop, the closure reflects more than the end of an era. It shows how rapidly the economics of the restaurant industry have shifted. Any potential return will likely require a fundamentally different operating model than the one that fueled its initial growth.
Related: 50-year-old pizza chain closes all restaurants, files Chapter 7
"
https://www.msn.com/en-us/money/markets/goldman-sachs-has-blunt-message-on-gold-price-for-rest-of-2026/ar-AA209shx?ocid=finance-verthp-feeds,"Gold just had its worst month in over a decade. Goldman Sachs is not budging.
After gold fell more than 10% in March 2026, its biggest monthly decline since June 2013, Goldman Sachs reaffirmed its $5,400 per ounce year-end target.
Spot gold is trading around $4,567 to $4,769 as of April 1, well below the all-time high of approximately $5,600 set in late January.
The bank's message is direct. The March sell-off does not change the structural case. The buyers who drove gold higher are still there, and Goldman does not expect them to leave.
Goldman analysts Daan Struyven and Lina Thomas raised the bank's 2026 year-end gold target to $5,400 from $4,900 in a note dated Jan. 22. The bank has maintained that target through the March decline.
The core argument is that private investors who bought gold as a hedge against long-term macro risks, including fiscal sustainability concerns and doubts about central bank independence, are not selling. These positions, Goldman says, are ""stickier"" than the event-driven bets that unwound after the 2024 U.S. election because the underlying concerns do not resolve on a known date.
""Risks to the upgraded forecast are significantly skewed to the upside because private-sector investors may diversify further on lingering global policy uncertainty,"" Struyven and Thomas wrote.
Goldman's framework rests on three structural pillars.
The first is central bank buying. Goldman forecasts that emerging-market central banks will purchase about 60 tonnes of gold per month in 2026, as countries diversify reserves away from the U.S. dollar. China's central bank extended its gold purchases for 15 consecutive months through January 2026, Central Banking reported.
The World Gold Council projects total EM central bank purchases will reach approximately 850 tonnes in 2026, per USAGOLD.
More Gold:
The second is ETF inflows. Western gold ETFs added roughly 500 tonnes since the start of 2025, running well ahead of what Federal Reserve rate cuts alone would explain. Goldman expects a further half-point of Fed easing in 2026, which it estimates adds roughly $120 per ounce to gold's price support.
The third is what Goldman calls the ""debasement trade."" Concerns over long-term government debt levels and monetary policy credibility are driving physical bar purchases by high-net-worth individuals and call option buying by institutions.
These positions are structural, not tactical, which is why Goldman does not expect them to unwind on any near-term catalyst.
The March sell-off caught many investors off guard. The U.S.-Iran conflict, which began Feb. 28, sent oil prices surging and raised inflation expectations. That pushed Treasury yields higher and strengthened the dollar, both of which are headwinds for gold as a non-yielding asset, per CNBC.
Gulf states liquidating gold reserves to cover revenue shortfalls added to selling pressure, CNBC reported. Speculative funds and retail investors who had built positions during 2025's rally also unwound trades as volatility rose.
Goldman acknowledged the near-term vulnerability directly. ""Risks are skewed to the downside in the near term, as persistent disruption to the Strait of Hormuz keeps gold vulnerable to further liquidation,"" the analysts wrote.
Goldman's $5,400 target is actually the most conservative of the major bank forecasts. UBS raised its target to $6,200 for the first three quarters of 2026 with an upside scenario of $7,200. Deutsche Bank reiterated a $6,000 target. JPMorgan's 2026 target sits at $6,300.
The gap reflects different assumptions about how much further private investor demand can run. Goldman's base case does not require a new wave of buyers. The more bullish forecasts assume continued rotation from bonds and equities into gold as households and institutions reassess long-term fiscal risk.
Both camps agree on the structural foundation. They just disagree on how far it can carry prices by year-end.
Related: Wells Fargo resets gold price target for the rest of 2026
"
https://www.msn.com/en-us/money/personalfinance/we-re-on-the-precipice-of-a-10-trillion-wipeout-prof-g-warns-rising-oil-prices-could-cause-global-markets-to-unravel-how-to-prepare/ar-AA2088XG?ocid=finance-verthp-feeds,"This article adheres to strict editorial standards. Some or all links may be monetized.
Markets may be dangerously underestimating what comes next.
NYU professor Scott Galloway, known as Prof G, says a chain reaction of geopolitical shocks, inflation and financial stress could trigger what he describes as a “$10 trillion wipeout” in global markets (1).
The bestselling author and prominent economic commentator has built a reputation for breaking down complex market risks in plain terms — and for sounding the alarm when he sees structural cracks forming.
“I think we’re on the precipice of like a $10 trillion dollar wipeout,” he said on the Pivot Podcast, warning the damage may not come directly from conflict — but from what follows.
That kind of loss would rival some of the largest market drawdowns in modern history, including the 2008 financial crisis, when roughly $29 trillion was wiped from global markets (2).
For everyday investors, it could show up in shrinking retirement accounts, tighter household budgets and more pressure to protect finances.
Galloway argues the biggest risk isn’t the Iran war itself, but its economic aftershocks.
“I don’t think it’s from Iran. It’s from what comes after Iran,” he told Pivot.
At the center of his concerns is energy. Rising oil prices move through the global economy, pushing energy costs higher.
Galloway said that, while oil prices may not spike to extreme levels, “it’s going to be sustainably higher … elevated through the rest of the year.”
Historical trends agree with him. Violence in the Gulf has a decades-long, storied history of pushing oil prices through the roof, in part because the Strait of Hormuz plays a critical role in global trade (3).
Even without additional escalation, the effects of decisions already made could spread across the entire economy. That means the costs of everything from transportation to groceries could rise, squeezing consumers already dealing with higher borrowing costs.
Read More: 5 essential moves to make once you’ve saved $50,000
If energy costs stay high, Galloway warns inflation could return in full force, creating a difficult situation for policymakers and consumers alike.
“Inflation in some markets reignites. The Fed can’t cut rates. They’re trapped,” he predicts.
That pressure hits consumers first and markets soon after.
“I think corporate earnings are really impaired as consumers stop spending,” he added, noting that higher gas prices and falling retirement accounts could hit households at the same time.
But the slowdown may not stop there.
He explained that during downturns, “CEOs … throw in the kitchen sink” to make results look even worse and reset expectations.
In practice, that means companies may bundle bad news together — cutting forecasts, writing down assets or restructuring — so future results have a lower bar to clear.
While U.S. consumers and corporations could feel the strain, Galloway says the real breaking point will emerge overseas. Emerging markets are highly vulnerable to global shocks, especially when they rely on foreign-currency debt (4).
But that doesn’t mean Americans are insulated.
In today’s global economy, financial stress in one part of the world can quickly ripple back into U.S. markets — affecting everything from retirement accounts to borrowing costs.
Galloway points to vulnerable economies that rely heavily on imported energy while carrying debt in U.S. dollars.
“It’s just a toxic cocktail,” he said.
Countries like Pakistan, Egypt, Sri Lanka and Bangladesh could struggle to keep up with rising costs and debt payments — increasing the risk of defaults.
And when those defaults happen, the impact doesn’t stay local.
U.S. and European banks often hold or are exposed to that debt, meaning overseas losses can translate into tighter credit, market volatility and falling asset prices at home (5).
That can show up in Americans’ lives through declining 401(k) balances, more expensive loans and a broader pullback in economic activity.
“We get an ’08-style … ‘which bank is next?’ moment,” Galloway warned.
The key difference this time is that policymakers may have fewer tools at their disposal to respond. After years of stimulus, rate cuts and government spending, central banks may have less flexibility to step in aggressively. Especially if inflation remains elevated.
That could leave markets more exposed to prolonged downturns and slower recoveries.
Even if the worst-case scenario doesn’t materialize, parts of this chain reaction are already unfolding — and they can have real consequences for households.
Higher energy prices can push up everyday costs straining household budgets, while market volatility can weigh on retirement savings.
And if what Galloway describes takes hold, the fallout would show up in household budgets, job markets and long-term investment returns.
For many investors, that raises an important question: How do you prepare for uncertainty without overreacting?
In volatile markets like this, having a plan matters more than ever.
A financial advisor can help crunch the numbers and build a strategy that works for your specific situation — whether that means adjusting your portfolio, managing risk or preparing for potential downturns.
But hiring an advisor can be a lifelong commitment, with the potential to make or break your retirement, which means finding a reliable partner in this journey is crucial.
That’s where Advisor.com can come in. The platform connects you with an expert near you for free.
Advisor.com does the heavy lifting for you, vetting advisors based on track record, client ratios and regulatory background. Plus, as fiduciaries, the advisors are legally required to act in your best interests.
Just enter a few details about your finances and goals and Advisor.com’s AI-powered matching tool will connect you with a qualified expert best suited for your needs based on your unique financial goals and preferences.
Because finding the right advisor isn’t always easy — with no one-size-fits-all solution — Advisor.com lets you set up a free initial consultation with no obligation to hire so you can find the right fit for you.
Once you’ve got the right financial advisor in your corner, the next step is getting a clear picture of where your money’s actually going. That’s where budgeting and tracking your spending comes in.
Building a financial cushion can also help you weather periods of volatility. Sudden job loss, surging inflation and unexpected health care costs can all set you on the back foot. That’s why stashing between three to six months’ of monthly expenses into an emergency fund is a core piece of financial advice for many.
If you’re looking to build an emergency savings fund, a high-yield savings account is one place to begin.
While the national interest rate average is an APY of 0.40%, online banks can offer you much more competitive returns — in some cases up to 10x more.
You can check out the Moneywise list of the Best High-Yield Savings Accounts and find an offer that fits with your savings goal.
Aside from an emergency fund, you may also want to make the rest of your portfolio more resilient to market shocks — war driven or otherwise. It can also help to have a reliable hedge in place for offsetting riskier assets.
Gold has long been viewed as a “safe-haven” during periods of economic uncertainty because it tends to hold its value when other assets, like stocks, come under pressure. During times of inflation or market volatility, investors often turn to it as a store of value that isn’t directly tied to corporate earnings, interest rates or fiat currency.
Historically, gold has shown a low or even negative correlation with equities during major downturns, helping diversify portfolios and reduce overall risk, according to research from the World Gold Council (6).
One way to invest in gold that also provides significant tax advantages is to open a gold IRA with the help of Thor Metals.
Gold IRAs allow investors to hold physical gold or gold-related assets within a retirement account, combining the tax advantages of an IRA with the protective benefits of gold, making it an attractive option for those looking to hedge their retirement funds against economic uncertainties.
To learn more, you can get a free information guide that includes details on how to get up to $20,000 in free metals on qualifying purchases.
While some investors turn to gold as a hedge, income-producing assets like real estate can also help offset market volatility by generating cash flow even when stock prices fluctuate.
While owning property outright can come with a high barrier to entry, you can tap into this market by investing in shares of vacation homes or rental properties through Arrived.
Backed by world-class investors, including Jeff Bezos, Arrived allows you to invest in shares of vacation and rental properties, earning a passive income stream without the extra work that comes with being a landlord.
To get started, simply browse their selection of vetted properties, each chosen for its potential for appreciation and income generation. Once you choose a property you like, you can start investing with as little as $100, potentially earning quarterly dividends.
And once you’re an investor with Arrived, you’ll gain access to their newly launched quarterly secondary market, where investors can buy and sell shares of individual rental and vacation rental properties directly on the platform.
This allows you to buy into properties you may have missed during the initial offering or sell shares before a property reaches the end of its hold period.
With access to more than 400 properties in 60 cities, this new way to trade real estate offers flexibility and opportunities to access more properties each quarter.
Even better, for a limited time, when you open an account and add $1,000 or more, Arrived will credit your account with a 1% match
Join 250,000+ readers and get Moneywise’s best stories and exclusive interviews first — clear insights curated and delivered weekly. Subscribe now.
We rely only on vetted sources and credible third-party reporting. For details, see our editorial ethics and guidelines.
Pivot (1); Journal of International Money and Finance (2); Time (3); Global Financial Stability Report (4); Financial Stability Board (5); World Gold Council (6)
This article provides information only and should not be construed as advice. It is provided without warranty of any kind.
"
https://www.msn.com/en-us/money/retirement/social-security-cuts-more-from-checks-in-2026-who-is-affected-and-who-is-spared/ss-AA209e4f?ocid=finance-verthp-feeds,"Netflix's 10-part sci-fi thriller with a strong Rotten Tomatoes score is quietly one of its best shows to binge-watch, even seven years after its world premiere. Often categorized as one of the most disappointing Netflix cancellations in recent memory, this series received critical acclaim following its 2019 debut, resulting in a Certified Fresh Rotten Tomatoes score of 86%.
This overlooked Netflix sci-fi thriller also has a surprisingly stacked cast led by Rachel Keller (Tokyo Vice), Kathryn Newton (Big Little Lies), Kristine Froseth (The Buccaneers), Spencer House (Tell Me Lies), and more. Offering an intriguing blend of dystopian sci-fi, teen drama, and psychological thriller, similar to Yellowjackets and The 100, this forgotten Netflix series is still worth a 10-part binge and is perfect for a one-weekend watch.
The Society is still quietly one of Netflix's best shows to binge-watch, especially if you're looking for something quick to binge in just a few sittings. The series was tragically canceled after already being renewed for a second season due to the unexpected COVID-19 pandemic, which shut down all TV and film productions for months. The Society suffered from massive production delays after originally being scheduled to begin filming season 2 in March 2020.
Because The Society features such a large ensemble cast, the series wasn't able to recover from the widespread production delays, and many actors had already committed to other projects. As such, The Society represents one of the biggest disappointments in Netflix streaming history, as the series was well-deserving of a second season and perhaps more, thanks to its critical acclaim and strong viewership.
The Society takes a page out of the classic novel Lord of the Flies by William Golding, centered around a group of high school students who must work together to fight for survival. The series also features a unique sci-fi twist, as the students leave their wealthy town of West Ham, Connecticut, for a 10-day camping trip, only to return to discover inexplicable developments. For one, all the adults have disappeared, and a dangerous forest now surrounds the town, allowing for no escape.
What's more, the high school kids in The Society are cut off from the rest of the world without access to the internet or cell service. Left in complete isolation with no apparent way out, the high schoolers form a new social dynamic and a local government system to stay alive. Cassandra (Keller) and Allie (Newton), who are sisters, emerge as the leaders of the pack and try to establish order, but the rebellious Harry (Alex Fitzalan) leads an anti-authoritarian resistance.
The Society is one of those shows that will have you hooked from the very first episode, although it does take a few episodes for the story to really get going. While it is undoubtedly disappointing that there is no second season, it's still worth watching for its strong storytelling, great performances, and inventive sci-fi twist on a timeless survival tale. Although the series comes off as a simple teen mystery show, it develops into something much more unexpectedly sophisticated.
Most critics agree that The Society is a winner on Netflix. Variety writes, ""Even as much as ""The Society"" spins its wheels... there just aren't many other teen shows that routinely debate the advantages of capitalism versus socialism or democracy versus dictatorship."" In the same vein, The Hollywood Reporter writes, ""The Society does justice to much of its potential and there's an audience out there, not exclusively in that young adult demo, that will devour it.""
All things considered, The Society on Netflix may leave you wanting more, but that's exactly why it's worth watching if you haven't seen it already, or worth a modern re-watch if you haven't seen it since its 2019 premiere.
"
https://www.msn.com/en-us/money/realestate/a-woman-lives-in-a-50-foot-narrowboat-she-bought-for-around-40-000-it-saves-her-over-1-000-each-month/ss-AA208AEG?ocid=finance-verthp-feeds,"Gabrielle Union may have once described working out as ""torture,"" but judging by her latest bikini photos, that hasn't stopped her from hitting the gym.
The 53-year-old looked incredible during a recent family vacation, putting her sculpted physique on display in a strapless black two-piece that did little to hide her defined and toned muscles.
The actress shared a carousel of photos on Instagram, several of which showed her sunning herself on a yacht in her tiny bikini.
Another photo featured her posing for a mirror selfie in a brown two-piece with blue accents, and her rock-hard abs were hard to miss.
article-id-893232-jwplayer-9GAGwDnH
Other images included sweet snapshots with her husband, former NBA star Dwyane Wade, and with their friends and family.
While many of her followers showed their appreciation by commenting with heart-eyes and flame emojis, others were blown away by her seemingly ageless appearance.
""All the pictures are absolutely beautiful.. @gabunion you look 21 girl!"" one wrote. A second said: ""You just get more perfect with age."" A third added: ""Girl are you ever gonna age? You're gorgeous Gabriel! Play hard, work hard!""
Gabrielle certainly works hard on her body and revealed to Women's Health in 2020 that she typically works out three days a week for 50 minutes at a time.
""I like to mix it up so I don't get anxiety staring at the treadmill,"" she said. ""Cardio could be jumping jacks, running up my driveway, side shuffles like I used to do in basketball, an elliptical, treadmill or sled pushes.
""The beauty of my workouts are that they change every session and day. It really depends on my mood, what my scenes are like action-wise,"" she added. ""Basically I try to stay as flexible as possible.""
Gabrielle revealed that in her quest to ""mix it up,"" she'll ""try everything,"" including kickboxing, cardio barre, and SoulCycle.
However, while she admitted she is ""not a class person,"" and some workouts feel like ""varying degrees of torture,"" she makes an exception for kickboxing.
""I like kickboxing because I can work out some aggression without judgment,"" she told Elle. ""Because you can't go around hitting people, apparently they arrest you for that. A good boxing workout is the best stress, anxiety, and rage reliever there is, so I definitely look forward to that.""
When it comes to her diet, the Bad Boys II star is all about moderation. ""I'm not obsessive about food, like, 'Oh no, I ate badly, so I have to stay in the gym for two hours!'"" she told Women's Health in 2017.
""At the end of the day, did I enjoy that meal? Hell, yes! Am I going to stress out about it? Hell, no! And, magically, the world doesn't end because of what I ate.""
She added: ""If I've inhaled some of my favorite foods one night, the next day I boost my water intake to a gallon and a half and just try to move. If I can't work out, I walk instead of drive, take the stairs rather than the elevator, and keep active.""
"
